{"cameraMode":{"drawMode":0,"name":"Shaded","section":"Shading Mode"},"sceneLighting":false,"audioPlay":false,"sceneViewState":{"showFog":true,"showMaterialUpdate":true,"showSkybox":true,"showFlares":true,"showImageEffects":true,"showParticleSystems":true},"in2DMode":false,"pivot":{"x":0.5839996337890625,"y":1.7208852767944337,"z":0.06797599792480469},"rotation":{"x":-0.34688112139701846,"y":-0.017727097496390344,"z":0.006557128392159939,"w":-0.9377186298370361},"size":4.657884120941162,"orthographic":false}